id,name,model_id:id,group_id:id,perm_read,perm_write,perm_create,perm_unlink
access_product_catalog_manager,Product catalog manager,model_product_catalog,stock.group_stock_manager,1,1,1,1
access_product_catalog_user,Product catalog manager,model_product_catalog,stock.group_stock_user,1,0,0,0
access_product_catalog_manager,Product catalog manager,model_product_catalog,stock.group_stock_manager,1,1,1,1
access_product_alternative_all,Product alternative all,model_product_alternative,,1,0,0,0
access_product_alternative_user,Product alternative user,model_product_alternative,stock.group_stock_user,1,1,1,1
